Time,R1,R2,R3,R4,Ave,SD
0.5,489.261,469.029,552.234,478.035,497.13975,37.65039541
1,612.994,605.175,639.186,619.067,619.1055,14.54461212
1.5,689.016,647.083,697.031,655.425,672.13875,24.5737375
2,700.402,702.473,738.88,667.25,702.25125,29.27013112
2.5,709.793,728.183,741.766,667.282,711.756,32.41520463
3,713.024,734.832,846.317,670.589,741.1905,74.98874371
3.5,710.469,733.857,881.107,671.604,749.25925,91.57161102
4,726.8 J,735.187,895.407,704.66,778.418,102.458743
4.5,742.014,741.926,902.027,717.448,775.85375,84.90610804
5,751.803,742.054,910.9 J,717.488,737.115,17.68262133
5.5,748.882,763.302,917.767,717.466,786.85425,89.34852657
6,750.591,776.036,917.46,718.984,790.76775,87.62615415
6.5,776.353,782.411,917.921,718.656,798.83525,84.43012009
7,785.178,797.455,916.654,716.264,803.88775,83.23777932
7.5,797.304,802.445,915.469,717.023,808.06025,81.59176513
8,798.78,811.156,914.335,716.03,810.07525,81.3292797
8.5,797.4 J,816.098,916.152,717.236,816.4953333,99.45859525
9,795.699,817.869,921.141,717.864,813.14325,83.80191735
9.5,796.475,819.432,921.533,719.692,814.283,83.25394254
10,797.761,820.681,920.899,743.028,820.59225,74.3839831
10.5,796.367,821.625,919.977,806.69,836.16475,56.82874675
11,796.028,823.257,918.494,836.678,843.61425,52.70660092
11.5,799.418,825.997,918.924,864.546,852.22125,51.88786248
12,797.361,826.739,918.134,875.226,854.365,53.27387907
12.5,797.104,826.147,919.675,887.52,857.6115,55.96894592
13,799.049,825.217,920.574,897.949,860.69725,57.82811582
13.5,797.661,825.823,920.782,903.025,861.82275,59.40407037
14,796.943,826.687,922.024,906.53,863.046,60.72024986
14.5,796.004,825.068,921.38,908.768,862.805,61.72542092
15,795.362,824.924,920.843,911.18,863.07725,62.42804391
15.5,794.881,824.66,920.693,912.201,863.10875,62.87375474
16,797.062,825.196,919.804,919.594,865.414,63.72657198
16.5,798.08,825.836,919.135,926.328,867.34475,65.01752506
17,802.754,826.297,919.481,926.033,868.64125,63.27890214
17.5,805.022,825.413,919.416,927.48,869.33275,63.12488051
18,807.341,824.583,918.921,927.644,869.62225,62.46166389
18.5,807.7 J,824.124,917.396,927.08,889.5333333,56.85270996
19,808.265,825.584,916.193,927.47,869.378,61.15291733
19.5,809.243,828.029,915.082,928.399,870.18825,60.26515318
20,810.311,829.503,913.821,927.571,870.3015,58.98338807
20.5,811.884,829.906,912.527,927.148,870.36625,57.90481088
21,811.87,830.189,911.338,928.933,870.5825,58.1509075
21.5,811.511,829.719,910.329,929.381,870.235,58.29760597
22,810.92,829.68,909.127,929.914,869.91025,58.41439921
22.5,810.292,829.666,908.005,935.567,870.8825,60.36603104
23,809.641,829.483,907.296,938.512,871.233,61.54575743
23.5,808.93,828.81,907.1 J,938.98,858.9066667,70.05431916
24,807.952,827.528,906.102,940.123,870.42625,62.91181093
24.5,807.734,826.9 J,906.355,940.774,884.9543333,69.0536154
25,806.997,827.323,905.576,942.564,870.615,64.08426044
25.5,806.006,828.169,906.603,943.177,870.98875,64.64210967
26,805.986,828.828,906.381,943.418,871.15325,64.55330026
26.5,806.444,829.366,905.848,943.046,871.176,64.04621354
27,806.728,830.344,905.051,943.556,871.41975,63.78855513
27.5,806.634,830.54,906.058,945.302,872.1335,64.61347856
28,806.945,830.706,908.021,945.235,872.72675,64.79740855
28.5,807.566,831.211,907.041,945.291,872.77725,64.32342437
29,807.45,831.676,906.047,944.925,872.5245,63.95019132
29.5,809.916,831.67,905.87,945.045,873.12525,63.13640295
30,812.293,831.396,905.136,946.148,873.74325,62.70931718
30.5,811.72,831.927,904.437,948.291,874.09375,63.4940003
31,811.967,831.385,904.371,951.236,874.73975,64.67802236
31.5,812.585,831.098,904.637,952.621,875.23525,65.13106752
32,813.665,830.959,904.649,951.82,875.27325,64.50237423
32.5,814.786,830.281,904.772,951.439,875.3195,64.17268147
33,814.294,829.842,903.993,950.395,874.631,63.89814507
33.5,813.949,829.615,903.193,949.535,874.073,63.59742391
34,814.2 J,829.229,902.345,948.957,893.5103333,60.3509486
34.5,813.878,828.799,901.992,948.747,873.354,63.31609088
35,813.427,828.117,901.842,948.686,873.018,63.57058094
35.5,813.09,827.532,901.643,948.345,872.6525,63.64839504
36,812.6 J,827.384,902.996,953.871,894.7503333,63.64537341
36.5,814.686,826.873,902.936,957.983,875.6195,67.37717217
37,815.712,826.799,902.458,959.988,876.23925,67.8458112
37.5,815.779,826.076,902.04,961.997,876.473,68.77898252
38,816.035,825.837,902.392,963.182,876.8615,69.29742144
38.5,816.915,825.261,903.071,964.367,877.4035,69.75951507
39,816.611,824.571,902.691,963.968,876.96025,69.8070807
39.5,816.356,824.012,902.867,963.169,876.601,69.71127199
40,815.722,823.373,902.577,962.746,876.1045,69.84315804
40.5,815.316,822.671,902.343,962.105,875.60875,69.84254306
41,815.334,821.876,901.707,961.608,875.13125,69.75273361
41.5,814.947,821.839,901.363,961.214,874.84075,69.66638322
42,814.373,821.422,900.977,961.88,874.663,70.16342795
42.5,813.819,821.139,901.36,962.144,874.6155,70.55129826
43,814.191,820.449,901.311,962.71,874.66525,70.84821963
43.5,813.733,844.005,900.775,962.803,880.329,65.76336311
44,813.317,863.114,900.313,962.863,884.90175,63.01995877
44.5,812.834,872.662,899.654,963.165,887.07875,62.36286271
45,812.457,880.087,904.55,963.228,890.0805,62.41047183
45.5,811.932,885.905,905.224,963.528,891.64725,62.5530838
46,811.402,890.489,905.27,963.876,892.75925,62.81790392
46.5,810.943,894.669,904.774,963.016,893.3505,62.65384463
47,810.592,903.9 J,904.599,964.45,893.2136667,77.55830325
47.5,810.861,909.855,904.059,964.601,897.344,63.78199768
48,811.077,914.666,903.867,964.386,898.499,63.96324509
48.5,811.332,919.387,904.745,964.249,899.92825,64.260663
49,811.442,923.737,905.824,963.872,901.21875,64.5847621
49.5,811.11,926.645,906.466,964.108,902.08225,65.1810041
50,810.834,929.567,905.905,964.274,902.645,65.73384477
50.5,810.414,932.301,905.689,964.232,903.159,66.30033539
51,809.901,934.785,905.519,964.731,903.734,67.06369292
51.5,809.599,936.791,905.674,964.647,904.17775,67.49699496
52,809.931,939.419,905.245,964.969,904.891,67.87015982
52.5,809.753,941.961,904.992,965.189,905.47375,68.45904995
53,809.518,943.732,904.453,965.609,905.828,69.01204702
53.5,809.3 J,945.224,904.111,965.805,938.38,31.41126647
54,809.941,947.007,903.613,966.854,906.85375,69.79707983
54.5,809.714,948.753,903.445,967.399,907.32775,70.39916276
55,809.629,950.291,903.148,967.799,907.71675,70.86259875
55.5,809.358,951.308,902.868,968.237,907.94275,71.32238431
56,809.324,952.141,902.568,967.982,908.00375,71.44398213
56.5,808.829,953.16,901.989,967.918,907.974,71.88094087
57,808.828,953.92,901.374,967.88,908.0005,72.04917362
57.5,809.761,955.107,901.401,967.635,908.476,71.80748404
58,810.361,955.77,901.032,967.148,908.57775,71.55662319
58.5,810.462,956.243,900.663,967.075,908.61075,71.60829474
59,810.547,956.668,900.283,966.953,908.61275,71.64534849
59.5,810.384,957.633,900.098,967.286,908.85025,72.03401475
60,810.45,958.136,899.953,967.099,908.9095,72.07347696
60.5,810.6 J,959.102,901.034,967.237,942.4576667,36.10380418
61,810.633,959.316,901.603,967.416,909.742,72.27887878
61.5,810.958,959.952,901.91,967.65,910.1175,72.32665586
62,810.878,960.259,902.031,967.733,910.22525,72.45122328
62.5,810.649,960.503,901.9 J,967.693,912.9483333,88.66673122
63,810.385,961.234,901.529,967.518,910.1665,72.8652598
63.5,810.033,961.808,901.323,967.25,910.1035,73.09874585
64,809.949,962.4 J,901.099,967.026,892.6913333,78.87529795
64.5,809.758,962.726,900.783,966.863,910.0325,73.36402223
65,809.497,963.027,900.404,966.741,909.91725,73.53981381
65.5,809.285,963.16,903.901,966.501,910.71175,73.47795877
66,809.396,963.786,906.2 J,966.393,913.1916667,89.89913474
66.5,809.447,964.292,907.855,966.13,911.931,73.48194779
67,809.019,964.459,910.695,965.851,912.506,73.61531119
67.5,809.14,964.347,911.913,965.586,912.7465,73.46115964
68,809.212,964.63,912.783,965.416,913.01025,73.45086695
68.5,809.079,964.791,913.179,965.391,913.11,73.5451844
69,809.12,965.781,913.422,965.077,913.35,73.68534539
69.5,808.861,966.43,913.478,964.933,913.4255,73.92842708
70,809.187,966.818,913.463,965.222,913.6725,73.93478821
70.5,808.942,967.221,914.193,965.416,913.943,74.19184033
71,808.7 J,967.77,914.654,965.578,949.334,30.05375211
71.5,808.473,968.03,914.932,965.442,914.21925,74.61488756
72,808.342,968.6 J,915.174,965.117,896.211,80.08930442
72.5,807.98,968.909,915.713,965.806,914.602,75.14560326
73,807.73,969.476,915.744,965.581,914.63275,75.35015833
73.5,807.442,969.931,915.636,965.595,914.651,75.59962399
74,807.111,970.373,915.475,965.359,914.5795,75.81062519
74.5,806.779,970.296,915.358,965.488,914.48025,75.97701013
75,806.523,970.373,915.376,965.293,914.39125,76.07337155
75.5,806.26,970.364,915.321,964.997,914.2355,76.12933141
76,806.174,970.282,915.329,965.409,914.2985,76.2417316
76.5,806.47,970.142,915.357,965.135,914.276,76.0064691
77,806.58,970.15,915.154,964.84,914.181,75.88979987
77.5,807.188,970.024,915.055,964.501,914.192,75.49571398
78,807.79,970.022,915.173,964.806,914.44775,75.27915211
78.5,807.948,970.169,915.159,965.165,914.61025,75.32085623
79,809.766,970.387,914.967,966.072,915.298,74.72150423
79.5,810.296,970.288,914.844,966.799,915.55675,74.61369717
80,809.93,970.054,914.784,966.633,915.35025,74.69085277
80.5,809.75,970.212,914.918,966.347,915.30675,74.74862807
81,809.445,971.509,915.578,966.071,915.65075,75.14876874
81.5,809.307,974.451,916.127,965.88,916.44125,75.91040195
82,809.076,975.872,916.313,965.678,916.73475,76.33968034
82.5,809.064,976.854,916.647,965.417,916.9955,76.54413069
83,808.937,977.782,916.569,964.949,917.05925,76.74924932
83.5,808.629,978.988,916.707,965.063,917.34675,77.2365256
84,808.458,979.287,916.655,964.754,917.2885,77.33318982
84.5,808.398,979.786,916.948,964.687,917.45475,77.48053881
85,808.032,980.239,917.618,964.604,917.62325,77.75638264
85.5,808.574,980.4 J,917.652,964.312,896.846,79.92651868
86,808.327,980.552,917.701,964.093,917.66825,77.59968525
86.5,808.096,980.555,917.647,963.886,917.546,77.66775904
87,807.777,980.806,917.628,963.662,917.46825,77.84113942
87.5,823.726,980.86,917.644,963.483,921.42825,70.38178057
88,837.909,981.079,917.49,963.345,924.95575,63.91772789
88.5,845.52,981.305,917.387,963.538,926.9375,60.59549767
89,851.592,981.43,917.238,963.603,928.46575,57.95249182
89.5,856.508,981.583,917.08,963.607,929.6945,55.85058484
90,863.111,981.588,916.924,963.241,931.216,52.93231936
90.5,867.479,981.639,916.577,963.037,932.183,51.08169961
91,870.525,981.527,916.167,962.887,932.7765,49.7807801
91.5,873.952,981.613,915.987,962.646,933.5495,48.36324278
92,876.355,981.685,915.934,962.469,934.11075,47.37657827
92.5,878.863,982.007,915.714,962.221,934.70125,46.45283073
93,880.437,982.159,915.547,961.966,935.02725,45.85002234
93.5,885.965,982.926,915.37,961.761,936.5055,43.94600703
94,890.921,983.513,915.727,961.881,938.0105,42.24631605
94.5,894.804,983.564,916.025,961.888,939.07025,40.7877757
95,897.4 J,983.845,916.201,961.903,953.983,34.51046919
95.5,900.021,983.713,916.251,961.73,940.42875,38.92137118
96,902.879,983.704,916.171,961.652,941.1015,37.94638935
96.5,905.764,984.317,916.071,961.907,942.01475,37.29332829
97,908.27,984.446,916.586,962.225,942.88175,36.47459346
97.5,910.331,984.845,917.01,962.243,943.60725,35.88205552
98,911.824,984.739,917.365,962.053,943.99525,35.26232664
98.5,912.918,984.677,917.519,961.8,944.2285,34.82615667
99,914.644,984.45,917.5 J,961.591,953.5616667,35.58893163
99.5,916.042,984.394,917.285,961.462,944.79575,33.8102785
100,917.394,984.374,917.107,961.254,945.03225,33.43955201
100.5,918.721,984.422,916.847,961,945.2475,33.13118525
101,920.591,984.499,916.623,960.752,945.61625,32.6998005
101.5,921.898,984.248,916.239,960.716,945.77525,32.38256545
102,923.23,984.219,916.089,960.501,946.00975,32.06301817
102.5,924.74,984.182,915.941,960.255,946.2795,31.70850963
103,926.419,984.207,915.766,959.981,946.59325,31.36529794
103.5,927.817,984.061,915.787,959.807,946.868,30.98228597
104,928.709,984.043,915.865,959.528,947.03625,30.73043162
104.5,929.656,983.944,915.77,959.215,947.14625,30.49648636
105,930.445,983.913,915.431,959.103,947.223,30.43858871
105.5,931.549,984.072,915.098,959.288,947.50175,30.44553673
106,932.514,983.96,915.378,959.637,947.87225,30.1799446
106.5,933.296,983.691,915.277,959.305,947.89225,29.93663536
107,933.994,983.585,915.168,959.002,947.93725,29.7849444
107.5,934.824,983.425,915.146,958.758,948.03825,29.57280073
108,935.535,983.324,915.048,958.832,948.18475,29.47423281
108.5,936.038,983.395,915.005,958.949,948.34675,29.46164259
109,936.841,983.226,914.877,958.822,948.4415,29.31929672
109.5,937.561,983.034,914.664,958.796,948.51375,29.22978294
110,938.231,983.171,914.43,958.413,948.56125,29.24920549
110.5,938.977,982.956,914.37,958.578,948.72025,29.12119737
111,939.767,982.945,914.539,958.512,948.94075,28.95707131
111.5,940.482,982.965,915.072,958.202,949.18025,28.64631202
112,940.747,982.788,915.435,958.024,949.2485,28.38741355
112.5,941.261,982.596,915.734,957.905,949.374,28.13034906
113,941.803,982.481,915.889,957.69,949.46575,27.95091471
113.5,942.224,982.591,915.892,957.396,949.52575,27.92726437
114,942.677,982.613,915.898,957.149,949.58425,27.87231189
114.5,943.271,982.866,915.674,957.165,949.744,28.01667809
115,943.769,982.974,915.452,957.116,949.82775,28.10808375
115.5,944.213,982.894,915.198,957.107,949.853,28.14904866
116,944.88,982.924,915.003,957.081,949.972,28.1965223
116.5,945.508,982.737,914.888,956.912,950.01125,28.12185991
117,945.847,983.034,914.671,956.688,950.06,28.29220004
117.5,946.19,982.937,914.457,956.424,950.002,28.30744706
118,946.457,982.679,914.284,956.25,949.9175,28.25560606
118.5,946.757,982.459,914.152,956.474,949.9605,28.23171543
119,947.053,982.371,914.11,956.855,950.09725,28.23479971
119.5,947.506,982.266,914.293,957.379,950.361,28.1438744
120,947.972,982.156,914.562,957.562,950.563,27.9874313
120.5,948.313,981.783,914.751,957.428,950.56875,27.74513974
121,948.578,981.648,914.844,957.187,950.56425,27.62813651
121.5,948.76,981.518,914.846,956.877,950.50025,27.55006212
122,949.065,981.296,914.742,956.708,950.45275,27.49313695
122.5,949.363,980.997,915.029,956.441,950.4575,27.23257776
123,949.647,980.791,915.215,956.168,950.45525,27.05193603
123.5,950.021,980.545,915.329,955.976,950.46775,26.89431862
124,950.23,980.352,915.434,955.862,950.4695,26.76805611
124.5,950.567,980.636,915.222,955.679,950.526,26.95390884
125,950.941,980.738,915.078,955.349,950.5265,27.03552725
125.5,951.083,980.722,915.208,955.339,950.588,26.97294559
126,951.165,980.765,914.99,955.057,950.49425,27.06866988
126.5,951.345,980.5 J,914.906,954.981,940.4106667,22.1623812
127,951.641,980.398,914.821,954.872,950.433,27.00172682
127.5,951.715,980.369,914.751,954.649,950.371,27.0109362
128,952.133,980.2 J,914.732,954.521,940.462,22.31480027
128.5,952.289,980.007,914.669,954.303,950.317,26.90757628
129,952.462,979.651,914.542,954.314,950.24225,26.83833617
129.5,952.748,979.498,914.435,954.647,950.332,26.85582771
130,953.228,979.305,914.308,955.133,950.4935,26.88553138
130.5,953.327,979.068,914.218,955.788,950.60025,26.88511869
131,953.527,979.171,917.331,956.454,951.62075,25.5721028
131.5,953.848,979.16,921.159,956.439,952.6515,23.87645212
132,954.132,979.262,924.15,956.127,953.41775,22.60071265
132.5,954.194,979.197,926.492,955.882,953.94125,21.56497644
133,954.311,979.082,928.429,955.828,954.4125,20.70217738
133.5,955.199,978.818,930.09,955.511,954.9045,19.90033052
134,955.34,978.668,931.607,955.364,955.24475,19.21297442
134.5,955.541,978.389,932.795,955.694,955.60475,18.61378318
135,955.948,978.193,934.239,955.792,956.043,17.94537027
135.5,956.34,978.112,935.449,955.697,956.3995,17.42462963
136,956.534,977.884,936.752,955.734,956.726,16.80914997
136.5,956.683,977.659,937.852,955.709,956.97575,16.28091933
137,956.721,977.588,938.669,955.799,957.19425,15.92964338
137.5,957.407,977.521,939.525,956.194,957.66175,15.55153474
138,958.136,977.303,940.229,956.08,957.937,15.18884755
138.5,958.896,977.083,940.892,955.992,958.21575,14.84916654
139,959.367,977.037,941.472,955.748,958.406,14.62717792
139.5,959.915,977.154,942.211,955.61,958.7225,14.41595802
140,960.509,977.3 J,942.916,955.432,952.9523333,9.054831436
140.5,961.073,977.355,944.444,955.173,959.51125,13.74385818
141,961.448,977.462,947.88,955.035,960.45625,12.61918007
141.5,961.865,977.531,950.068,954.851,961.07875,11.99049908
142,962.411,977.81,951.175,954.634,961.5075,11.84051487
142.5,962.717,978.245,952.317,954.762,962.01025,11.69847322
143,963.21,978.551,953.217,954.609,962.39675,11.64099121
143.5,963.582,978.501,953.979,954.513,962.64375,11.45308807
144,963.935,978.345,954.824,954.55,962.9135,11.17382055
144.5,964.169,978.194,955.793,954.303,963.11475,10.95064967
145,964.275,977.882,957.342,954.003,963.3755,10.5750417
145.5,964.213,977.719,959.118,953.894,963.736,10.22973942
146,964.272,977.654,960.409,953.724,964.01475,10.0829276
146.5,964.338,977.488,961.494,953.509,964.20725,9.970116929
147,964.445,977.569,961.386,953.376,964.194,10.06425381
147.5,964.618,977.519,961.133,953.15,964.105,10.14960383
148,964.686,977.542,961.009,953.456,964.17325,10.06409981
148.5,964.677,977.655,960.793,953.532,964.16425,10.11061018
149,964.788,977.749,960.671,953.52,964.182,10.17244792
149.5,965.03,978.297,960.554,953.53,964.35275,10.43173355
150,965.142,978.568,960.537,953.386,964.40825,10.60681355
150.5,965.231,978.795,960.545,953.186,964.43925,10.77829988
151,965.547,979.149,960.571,953.275,964.6355,10.90953154
151.5,965.615,979.448,960.548,952.956,964.64175,11.15777452
152,965.746,979.556,960.441,953.01,964.68825,11.20400941
152.5,965.711,979.481,960.214,952.819,964.55625,11.2649868
153,965.775,979.401,960.045,952.697,964.4795,11.29633538
153.5,966.046,979.28,959.965,952.719,964.5025,11.25754084
154,966.477,979.063,959.772,952.678,964.4975,11.22650348
154.5,966.683,978.843,959.62,952.557,964.42575,11.20884673
155,967.026,978.743,959.422,952.376,964.39175,11.28382785
155.5,967.358,978.647,959.271,952.172,964.362,11.36590841
156,967.883,978.428,959.058,952.014,964.34575,11.41423469
156.5,968.132,978.14,959.052,951.84,964.291,11.38745807
157,968.396,978.194,958.83,951.701,964.28025,11.524967
157.5,968.714,978.181,958.634,951.673,964.3005,11.60043449
158,968.782,977.922,958.47,951.697,964.21775,11.52453407
158.5,968.722,978.016,958.317,951.665,964.18,11.59115545
159,968.831,978.063,958.201,951.433,964.132,11.72738567
159.5,968.831,978.008,958.291,951.162,964.073,11.78909431
160,968.908,978.082,958.5 J,951.102,966.0306667,13.71821363
160.5,968.907,978.233,958.451,951.011,964.1505,11.91738029
161,968.843,978.416,958.282,950.866,964.10175,12.06139534
161.5,968.757,978.383,958.124,950.875,964.03475,12.05940724
162,968.715,978.287,957.97,950.793,963.94125,12.07092287
162.5,968.693,978.047,957.855,950.689,963.821,12.02993544
163,968.6 J,977.977,957.717,950.587,962.0936667,14.2098358
163.5,968.493,977.894,957.587,950.538,963.628,12.04199266
164,968.426,977.686,957.469,950.729,963.5775,11.90175686
164.5,968.563,977.507,957.272,950.978,963.58,11.79537884
165,968.664,977.359,957.119,951.03,963.543,11.76080272
165.5,968.662,977.217,956.894,951.2,963.49325,11.68662179
166,968.638,977.101,956.745,951.363,963.46175,11.60915137
166.5,968.602,976.971,956.641,951.618,963.458,11.48504816
167,968.77,976.81,956.584,951.727,963.47275,11.4216259
167.5,968.792,976.6 J,956.644,951.717,959.051,8.788295796
168,968.867,976.382,956.483,951.6,963.333,11.335598
168.5,968.779,976.246,956.307,951.825,963.28925,11.22787556
169,968.852,976.099,956.166,951.88,963.24925,11.19433128
169.5,968.841,975.904,956.183,951.797,963.18125,11.14267755
170,968.932,975.854,955.925,951.729,963.11,11.21690103
170.5,968.903,975.544,955.808,951.598,962.96325,11.16426458
171,968.997,975.356,955.673,951.628,962.9135,11.1297219
171.5,968.977,975.139,955.563,951.544,962.80575,11.09771482
172,968.982,974.992,955.487,951.525,962.7465,11.06731122
172.5,968.985,974.841,955.34,951.484,962.6625,11.0584468
173,968.926,974.721,955.157,951.868,962.668,10.916234
173.5,968.952,974.577,955.26,952.041,962.7075,10.78762082
174,968.936,974.513,955.135,951.859,962.61075,10.84987417
174.5,968.876,974.256,954.973,951.705,962.4525,10.83259958
175,968.788,974.427,955.004,951.557,962.444,10.9196916
175.5,968.73,974.291,954.898,951.29,962.30225,10.97176171
176,968.731,974.244,954.69,951.189,962.2135,11.0355998
176.5,968.741,974.163,954.51,951.117,962.13275,11.0732252
177,968.71,974 J/m,954.414,950.913,958.0123333,9.428377609
177.5,968.72,973.963,954.429,950.826,961.9845,11.11229237
178,968.694,973.903,954.42,950.789,961.9515,11.09991827
178.5,968.556,973.689,954.194,950.67,961.77725,11.08629669
179,968.681,973.53,954.042,950.826,961.76975,11.03860862
179.5,968.686,973.31,953.886,950.986,961.717,10.94598148
180,968.671,973.152,953.7 J,951.139,964.3206667,11.63344714
180.5,968.681,973.115,953.579,951.352,961.68175,10.83308203
181,968.733,972.938,953.476,951.412,961.63975,10.78916637
181.5,968.774,972.837,953.577,951.548,961.684,10.69453839
182,969.182,972.658,953.587,951.669,961.774,10.68453577
182.5,969.64,972.515,953.753,951.676,961.896,10.70030445
183,969.613,972.418,953.618,951.575,961.806,10.72816384
183.5,969.597,972.16,953.657,951.489,961.72575,10.65717171
184,969.514,972.174,953.787,951.501,961.744,10.60488406
184.5,969.534,972.259,953.81,951.234,961.70925,10.71841019
185,969.683,972.122,953.609,951.242,961.664,10.75755911
185.5,969.681,972 J/m,953.55,951.123,958.118,10.08711103
186,969.515,972.079,953.345,951.012,961.48775,10.84215592
186.5,969.474,971.903,953.248,950.914,961.38475,10.83071027
187,969.651,971.868,953.096,950.673,961.322,10.97965746
187.5,969.71,971.754,952.993,950.734,961.29775,10.9645003
188,969.922,971.612,952.769,950.888,961.29775,10.98277307
188.5,970.011,971.459,952.718,951.115,961.32575,10.90059782
189,970.055,971.207,952.594,951.061,961.22925,10.88439569
189.5,970.155,971.139,952.547,950.901,961.1855,10.95321437
190,971.096,971.122,952.568,950.734,961.38,11.25900943
190.5,972.789,971.014,952.578,950.666,961.76175,11.75671871
191,974.12,970.828,952.651,950.559,962.0395,12.15349093
191.5,974.791,970.92,952.495,950.37,962.144,12.49926747
192,975.506,970.902,952.405,950.264,962.26925,12.7953817
192.5,975.913,970.828,952.357,950.067,962.29125,12.99422673
193,976.317,970.811,952.408,949.992,962.382,13.14312294
193.5,976.867,970.698,952.409,949.924,962.4745,13.33665811
194,977.254,970.67,952.333,949.816,962.51825,13.52380406
194.5,978.003,970.779,952.244,949.691,962.67925,13.8805901
195,978.403,970.696,952.146,949.972,962.80425,13.95069476
195.5,978.662,970.555,951.948,949.981,962.7865,14.06929286
196,979.159,970.391,951.833,950.192,962.89375,14.19438573
196.5,979.383,970.159,951.794,950.321,962.91425,14.21215483
197,979.46,970.082,951.795,950.247,962.896,14.25054495
197.5,979.643,969.964,951.699,950.024,962.8325,14.3928651
198,979.809,969.752,951.666,949.841,962.767,14.4860124
198.5,979.832,969.562,951.504,949.896,962.6985,14.49005741
199,980.078,969.488,951.388,950.074,962.757,14.553763
199.5,980.023,969.317,951.231,950.193,962.691,14.51245102
200,980.201,969.306,951.057,950.26,962.706,14.60864062
200.5,980.381,969.393,950.932,950.255,962.74025,14.728333
201,980.366,969.479,950.882,950.119,962.7115,14.78725299
201.5,980.562,969.409,950.682,949.962,962.65375,14.95261557
202,980.621,969.499,950.53,949.819,962.61725,15.07083622
202.5,980.889,969.649,950.523,949.738,962.69975,15.2252104
203,980.903,969.831,950.419,949.646,962.69975,15.31263364
203.5,980.943,969.868,950.312,949.532,962.66375,15.39524585
204,980.896,969.914,950.328,949.375,962.62825,15.42441386
204.5,981.196,969.843,950.261,949.149,962.61225,15.6146511
205,981.236,969.657,950.105,949.037,962.50875,15.67533554
205.5,981.511,969.586,949.929,949.067,962.52325,15.81247276
206,981.367,969.637,949.789,948.874,962.41675,15.85465371
206.5,981.319,969.566,949.71,948.764,962.33975,15.87705045
207,981.366,969.484,949.638,948.727,962.30375,15.91304212
207.5,981.263,969.524,949.518,948.652,962.23925,15.93125032
208,981.257,969.67,949.519,948.837,962.32075,15.89852568
208.5,981.29,969.678,949.303,948.604,962.21875,16.0367391
209,981.228,969.723,949.237,948.499,962.17175,16.06667245
209.5,981.219,969.702,949.145,948.464,962.1325,16.09445931
210,981.116,969.662,949.23,948.442,962.1125,16.03090078
210.5,981.093,969.666,950.24,948.373,962.343,15.77796288
211,981.198,969.737,951.112,948.359,962.6015,15.6162585
211.5,981.224,969.555,951.847,948.26,962.7215,15.45346737
212,981.101,969.231,952.529,948.177,962.7595,15.2272056
212.5,981.09,969.199,953.258,948.115,962.9155,15.07886964
213,981.077,969.078,953.941,948.065,963.04025,14.93132321
213.5,980.882,969.079,954.519,948.004,963.121,14.75882762
214,980.84,969.015,955.266,947.907,963.257,14.62640345
214.5,980.78,968.959,955.686,947.729,963.2885,14.58313168
215,980.696,968.77,956.281,947.75,963.37425,14.41744921
215.5,980.7 J,968.642,956.812,947.739,957.731,10.48175906
216,980.666,968.52,957.215,947.603,963.501,14.2838812
216.5,980.56,968.387,957.638,947.39,963.49375,14.24571698
217,980.491,968.301,958.23,947.249,963.56775,14.18441895
217.5,980.524,968.184,958.553,947.166,963.60675,14.17724955
218,980.427,968.211,958.914,946.967,963.62975,14.17769369
218.5,980.417,968.353,959.301,946.8,963.71775,14.21347294
219,980.481,968.348,959.745,946.693,963.81675,14.23647214
219.5,980.423,968.301,960.22,946.536,963.87,14.22937837
220,980.373,968.367,960.522,946.591,963.96325,14.16933521
220.5,980.325,968.354,961.1 J,946.511,965.0633333,17.14549545
221,980.368,968.459,961.432,946.398,964.16425,14.19050411
221.5,980.274,968.26,961.796,946.426,964.189,14.10142882
222,980.349,968.451,961.96,946.332,964.273,14.17889171
222.5,980.256,968.633,962.215,946.177,964.32025,14.21451768
223,980.496,968.709,962.388,946.176,964.44225,14.30389081
223.5,980.575,968.812,962.616,946.025,964.507,14.39761385
224,980.755,968.8 J,962.888,945.983,963.2086667,17.38821774
224.5,980.789,968.737,963.136,945.859,964.63025,14.5208265
225,980.889,968.713,963.279,945.746,964.65675,14.59970051
225.5,981.052,968.765,963.428,945.611,964.714,14.7186871
226,981.122,968.917,963.781,945.462,964.8205,14.81387072
226.5,981.044,968.779,964.256,945.482,964.89025,14.75520763
227,981.014,968.677,964.42,945.401,964.878,14.76895607
227.5,981.01,968.478,964.494,945.214,964.799,14.83236115
228,980.776,968.437,964.701,945.156,964.7675,14.76880335
228.5,980.668,968.39,964.818,945.033,964.72725,14.78056118
229,980.658,968.319,965.023,944.861,964.71525,14.8486166
229.5,980.531,968.232,965.162,944.763,964.672,14.84126973
230,980.395,968.245,965.308,944.65,964.6495,14.84657102
230.5,980.279,968.054,965.613,944.635,964.64525,14.8029317
231,980.263,967.972,965.991,944.4,964.6565,14.9070684
231.5,980.332,967.933,966.25,944.401,964.729,14.93608885
232,980.217,967.722,966.643,944.293,964.71875,14.94578274
232.5,980.154,967.654,967.139,944.151,964.7745,15.00822167
233,980.066,967.466,967.41,944.047,964.74725,15.02937447
233.5,980.039,967.378,967.598,943.906,964.73025,15.09129754
234,980.248,967.627,967.785,943.789,964.86225,15.24236944
234.5,980.256,970.476,967.844,943.588,965.541,15.57908286
235,980.616,972.298,968.067,943.539,966.13,15.93731125
235.5,980.826,973.853,968.309,943.534,966.6305,16.22695701
236,980.9 J,978.175,968.421,943.487,963.361,17.88901998
236.5,980.993,981.472,968.55,943.337,968.588,17.86519825
237,980.876,983.077,968.522,943.284,968.93975,18.26406239
237.5,980.79,984.211,968.701,943.225,969.23175,18.5706203
238,980.682,985.027,969.142,943.231,969.5205,18.76443175
238.5,980.633,985.69,969.724,943.035,969.7705,19.0281678
239,980.488,986.35,970.51,942.856,970.051,19.27318583
239.5,980.362,988.028,970.884,942.719,970.49825,19.80253547
240,980.365,989.318,971.237,942.523,970.86075,20.28275528
240.5,980.244,990.451,971.427,942.478,971.15,20.63483907
241,980.279,991.447,971.447,942.459,971.408,20.96268338
241.5,980.231,992.425,971.524,942.328,971.627,21.33094489
242,980.27,993.117,971.481,942.269,971.78425,21.58962806
242.5,980.154,993.814,971.59,942.111,971.91725,21.87716727
243,980.165,994.535,971.626,942.047,972.09325,22.14934726
243.5,980.102,995.031,971.58,942.027,972.185,22.31956984
244,980.174,995.342,971.686,942.105,972.32675,22.39825736
244.5,980.036,995.915,971.72,942.051,972.4305,22.60371799
245,979.993,996.353,971.87,941.904,972.53,22.81533968
245.5,979.982,997.203,971.818,941.968,972.74275,23.08427293
246,979.955,997.711,971.967,941.866,972.87475,23.30476232
246.5,979.786,998.181,971.982,941.839,972.947,23.46746376
247,979.744,998.587,972.065,941.928,973.081,23.56899991
247.5,979.594,999.085,972.475,941.982,973.284,23.7063802
248,979.563,999.688,973.63,942.194,973.76875,23.82131359
248.5,979.574,1000.25,974.046,942.196,974.0165,24.0251772
249,979.557,1001.1,974.281,942.01,974.237,24.41655609
249.5,979.492,1001.56,974.467,942.255,974.4435,24.47374109
250,979.516,1001.91,974.52,942.21,974.539,24.62455937
