Time,R1,R2,R3,R4,Average,SD
0.5,319.675,326.057,331.311,330.435,326.8695,5.318543002
1,386.822,399.065,387.277,381.544,388.677,7.398001036
1.5,407.751,417.412,412.064,402.068,409.82375,6.507641886
2,426.215,434.322,431.306,416.827,427.1675,7.662620287
2.5,434.628,436.908,439.088,424.814,433.8595,6.299265222
3,436.946,440.192,442.94,431.773,437.96275,4.79893595
3.5,439.628,445.131,447.26,435.877,441.974,5.182842528
4,439.371,450.138,447.314,435.701,443.131,6.731469329
4.5,438.78,451.829,447.259,435.379,443.31175,7.56283921
5,438.498,455.628,447.153,437.43,444.67725,8.500078956
5.5,438.849,456.444,460.393,443.621,449.82675,10.23809821
6,438.392,457.926,462.527,446.602,451.36175,10.93346271
6.5,439.905,458.014,463.952,448.72,452.64775,10.55758187
7,441.405,458.429,464.164,451.336,453.8335,9.807190712
7.5,448.417,458.321,465.05,453.484,456.318,7.087951984
8,451.511,459.411,465.448,455.299,457.91725,5.967656066
8.5,458.385,459.015,465.501,456.465,459.8415,3.925777503
9,460.7,458.417,465.147,456.945,460.30225,3.580274792
9.5,461.501,459.576,465.422,457.521,461.005,3.363341691
10,461.467,458.826,465.335,457.722,460.8375,3.385077498
10.5,460.84,458.536,465.357,457.476,460.55225,3.497475316
11,460.494,459.744,464.981,457.824,460.76075,3.029848552
11.5,461.183,460.136,464.686,457.753,460.9395,2.880679839
12,462.103,459.982,464.075,458.436,461.149,2.462644243
12.5,462.995,459.653,463.741,458.096,461.12125,2.688365349
13,462.977,459.049,463.345,458.106,460.86925,2.67835825
13.5,462.8,459.718,463.22,458.639,461.09425,2.262057526
14,462.668,460.077,463.818,458.872,461.35875,2.279536119
14.5,462.252,459.628,465.031,458.653,461.391,2.86331591
15,462.009,459.194,464.551,458.301,461.01375,2.838612499
15.5,461.991,459.848,464.142,457.957,460.9845,2.673339796
16,462.058,460.316,464.215,457.79,461.09475,2.719781532
16.5,462.279,460.145,464.454,457.864,461.1855,2.828063943
17,462.947,459.491,464.913,457.613,461.241,3.297418384
17.5,462.868,458.774,464.892,457.637,461.04275,3.410504496
18,462.724,458.544,464.614,457.542,460.856,3.363526324
18.5,462.824,458.373,464.632,457.956,460.94625,3.300197406
19,462.49,457.982,464.922,458.87,461.066,3.226452334
19.5,463.438,458.274,464.767,458.815,461.3235,3.261943439
20,463.804,458.755,464.559,458.829,461.48675,3.127003931
20.5,464.057,459.603,464.475,458.806,461.73525,2.94526449
21,463.914,459.671,464.402,459.882,461.96725,2.538954821
21.5,463.937,459.538,464.515,460.68,462.1675,2.433708624
22,464.022,459.578,464.972,461.261,462.45825,2.482841165
22.5,464.421,459.638,464.968,461.563,462.6475,2.500883377
23,464.452,462.095,465.165,462.071,463.44575,1.600294009
23.5,464.707,462.465,464.967,463.116,463.81375,1.215711417
24,465.274,462.539,464.634,463.442,463.97225,1.220360159
24.5,465.315,462.837,464.512,463.424,464.022,1.106613151
25,465.661,462.95,464.509,463.685,464.20125,1.16300197
25.5,465.494,463.336,464.756,464.023,464.40225,0.930551226
26,465.553,463.311,465.104,464.174,464.5355,0.998095019
26.5,465.796,463.143,465.627,464.375,464.73525,1.236318291
27,465.877,462.979,465.958,465.995,465.20225,1.482985587
27.5,465.86,462.847,465.941,465.947,465.14875,1.535012785
28,465.736,462.813,465.9,465.624,465.01825,1.474529162
28.5,465.584,462.859,466.64,465.414,465.12425,1.604595562
29,465.608,462.84,466.819,465.3,465.14175,1.668697371
29.5,465.388,463.091,467.112,465.495,465.2715,1.653838465
30,465.346,462.918,466.982,465.429,465.16875,1.678580626
30.5,465.216,462.737,467.057,465.216,465.0565,1.773223148
31,465.141,463.445,467.143,464.956,465.17125,1.518220971
31.5,465.325,465.645,467.093,464.749,465.703,0.998075481
32,465.726,466.781,467.119,464.647,466.06825,1.117910961
32.5,465.566,467.244,466.97,464.465,466.06125,1.293317536
33,465.295,467.451,466.973,464.321,466.01,1.45691409
33.5,465.461,467.509,466.895,464.348,466.05325,1.424358189
34,465.742,467.549,466.834,464.378,466.12575,1.381925318
34.5,466.117,468.54,466.741,464.107,466.37625,1.82862086
35,466.323,468.964,466.854,463.908,466.51225,2.077322375
35.5,466.453,469.368,466.769,464.26,466.7125,2.092603562
36,466.416,469.73,466.834,464.409,466.84725,2.194042141
36.5,466.593,469.699,466.999,464.543,466.9585,2.119765003
37,466.607,469.957,466.966,464.957,467.12175,2.082787455
37.5,466.802,469.944,466.919,465.253,467.2295,1.96250087
38,466.691,470.277,466.873,465.84,467.42025,1.956995891
38.5,466.854,470.344,467.002,466.863,467.76575,1.720167894
39,466.955,470.336,466.79,467.205,467.8215,1.684992285
39.5,467.05,470.328,466.691,467.541,467.9025,1.654108118
40,466.978,470.416,466.607,467.621,467.9055,1.725293115
40.5,466.933,470.284,466.599,467.742,467.8895,1.666900217
41,466.903,470.496,466.433,468.024,467.964,1.815149764
41.5,466.781,470.496,466.393,468.481,468.03775,1.872973282
42,466.73,470.545,466.143,468.661,468.01975,1.99781003
42.5,466.873,470.564,465.91,468.685,468.008,2.055990759
43,466.781,470.42,465.909,468.773,467.97075,2.025565662
43.5,466.857,470.273,465.775,468.943,467.962,2.025428021
44,466.797,470.494,466.36,469.539,468.2975,2.030709318
44.5,466.775,470.582,466.305,470.072,468.4335,2.204682063
45,466.75,470.691,466.515,470.264,468.555,2.228811492
45.5,467.279,470.845,466.344,470.606,468.7685,2.293837323
46,467.63,470.974,466.472,470.959,469.00875,2.309526268
46.5,467.595,471.157,466.443,471.052,469.06175,2.405575104
47,467.574,471.217,466.61,471.309,469.1775,2.440363429
47.5,467.78,471.268,466.736,471.541,469.33125,2.434179858
48,467.815,471.103,467.111,471.665,469.4235,2.293466881
48.5,468.283,471.133,467.639,471.836,469.72275,2.071193275
49,468.209,471.299,467.722,471.998,469.807,2.154636396
49.5,468.129,471.274,467.829,472.253,469.87125,2.224609385
50,468.082,471.174,468.154,472.505,469.97875,2.216448717
50.5,468.029,471.008,468.268,472.829,470.0335,2.302135313
51,468.284,470.977,468.363,472.867,470.12275,2.216481653
51.5,468.749,470.931,468.376,472.912,470.242,2.106705643
52,468.806,470.881,468.333,472.733,470.18825,2.025522381
52.5,468.849,470.736,468.083,472.779,470.11175,2.098751593
53,468.916,470.68,467.882,472.853,470.08275,2.178347902
53.5,468.945,470.832,468.009,472.727,470.12825,2.092850269
54,468.778,470.82,468.025,472.612,470.05875,2.071637577
54.5,468.733,470.828,468.248,472.563,470.093,1.99120985
55,468.681,470.925,468.111,472.341,470.0145,1.970037817
55.5,468.593,470.892,468.125,472.243,469.96325,1.942213921
56,468.506,471.007,468.029,472.113,469.91375,1.963495077
56.5,468.389,470.895,468.132,472.076,469.873,1.926225151
57,468.282,470.726,468.044,472.266,469.8295,2.026738842
57.5,468.199,470.766,468.177,472.36,469.8755,2.05436811
58,468.208,470.667,468.181,472.415,469.86775,2.059706998
58.5,468.183,470.699,468.255,472.413,469.8875,2.049964146
59,468.265,470.945,468.33,472.433,469.99325,2.050321662
59.5,468.319,471.196,468.324,472.322,470.04025,2.037184065
60,468.346,471.069,468.331,472.182,469.982,1.951398302
60.5,468.401,471.157,468.285,472.126,469.99225,1.945619931
61,468.408,471.263,468.366,471.982,470.00475,1.891015843
61.5,468.458,471.132,468.34,472.012,469.9855,1.867448437
62,468.309,471.034,468.326,472.129,469.9495,1.936780232
62.5,468.162,470.825,468.34,472.381,469.927,2.038162081
63,468.067,470.784,468.29,472.385,469.8815,2.074230861
63.5,468.505,470.68,468.385,472.315,469.97125,1.885167433
64,468.645,470.558,468.394,472.218,469.95375,1.792353458
64.5,468.557,470.41,468.565,472.217,469.93725,1.752038123
65,468.584,470.305,468.608,472.126,469.90575,1.685238732
65.5,468.624,470.174,468.631,472.05,469.86975,1.626084536
66,468.577,470.074,468.866,471.985,469.8755,1.548610668
66.5,468.744,470.016,468.964,471.992,469.929,1.483125978
67,468.871,470.015,469.144,471.978,470.002,1.404762139
67.5,468.958,469.958,469.119,471.915,469.9875,1.3577296
68,468.999,470.158,469.023,472.301,470.12025,1.551155994
68.5,469.066,469.942,469,472.319,470.08175,1.552068378
69,469.055,469.839,469.011,472.164,470.01725,1.480852542
69.5,469.122,469.795,468.869,472.097,469.97075,1.470380535
70,469.174,469.818,468.816,471.917,469.93125,1.387232106
70.5,469.519,470.266,468.688,472.059,470.133,1.436684377
71,469.691,470.226,468.76,472.057,470.1835,1.388130277
71.5,469.764,470.181,468.615,472.158,470.1795,1.475891256
72,469.748,470.105,468.526,472.084,470.11575,1.476106224
72.5,469.926,470.226,468.976,472.181,470.32725,1.345798245
73,470.108,470.374,468.934,472.157,470.39325,1.331911252
73.5,470.089,470.219,469.203,472.162,470.41825,1.247076949
74,470.612,470.144,469.197,472.074,470.50675,1.199219573
74.5,471.019,470.194,469.062,471.977,470.563,1.237806393
75,471.05,470.171,468.993,471.956,470.5425,1.2641863
75.5,471.136,469.985,469.007,471.934,470.5155,1.285063552
76,471.234,469.918,469.06,471.957,470.54225,1.299588236
76.5,471.203,469.891,469.062,471.915,470.51775,1.282432422
77,471.162,469.779,469.086,471.926,470.48825,1.289755112
77.5,471.025,469.64,469.102,471.734,470.37525,1.215200224
78,471.038,469.659,469.164,471.78,470.41025,1.20938011
78.5,471.107,469.823,469.146,471.807,470.47075,1.206222858
79,471.159,469.833,469.104,471.731,470.45675,1.202201418
79.5,471.108,469.759,469.185,471.75,470.4505,1.183310188
80,471.177,469.759,469.227,471.804,470.49175,1.20112208
80.5,471.171,469.738,469.449,471.781,470.53475,1.121251793
81,471.315,469.803,469.426,471.785,470.58225,1.144213667
81.5,471.329,469.904,469.368,471.825,470.6065,1.159617322
82,471.462,469.864,469.345,471.75,470.60525,1.180699616
82.5,471.288,469.845,469.354,471.756,470.56075,1.143978256
83,471.28,469.849,469.398,471.792,470.57975,1.138775475
83.5,471.248,469.767,469.514,471.773,470.5755,1.105549185
84,471.192,469.786,469.493,471.808,470.56975,1.109671535
84.5,471.364,469.708,469.494,471.939,470.62625,1.210063463
85,471.376,469.617,469.606,471.956,470.63875,1.209577164
85.5,471.355,469.636,469.685,471.885,470.64025,1.151996926
86,471.308,469.552,469.554,471.899,470.57825,1.208193245
86.5,471.224,469.502,469.507,471.9,470.53325,1.219536353
87,471.132,469.422,471.587,471.99,471.03275,1.12958499
87.5,471.111,469.445,471.552,471.905,471.00325,1.088428952
88,471.063,469.673,471.617,471.835,471.047,0.971935526
88.5,471.023,469.696,471.632,471.761,471.028,0.944519984
89,471.114,469.854,471.944,471.813,471.18125,0.956906605
89.5,470.994,469.924,472.098,471.823,471.20975,0.977200892
90,471.002,469.786,472.201,471.741,471.1825,1.053890728
90.5,470.994,469.797,472.261,471.722,471.1935,1.065970763
91,470.924,469.769,472.326,471.703,471.1805,1.10201346
91.5,470.91,469.74,472.601,471.679,471.2325,1.211571569
92,470.853,469.788,472.528,471.574,471.18575,1.157122977
92.5,470.82,469.877,472.6,471.594,471.22275,1.155839486
93,470.803,469.905,472.639,471.576,471.23075,1.160883105
93.5,470.825,469.821,472.619,471.439,471.176,1.170561689
94,470.859,470.061,472.724,471.39,471.2585,1.119313629
94.5,470.824,470.066,472.668,471.32,471.2195,1.094719903
95,470.817,470.105,472.641,471.316,471.21975,1.069905097
95.5,470.733,470.084,472.683,471.37,471.2175,1.10913014
96,470.743,469.982,472.739,471.361,471.20625,1.16714163
96.5,470.638,469.901,472.657,471.347,471.13575,1.173483525
97,470.538,469.93,472.58,471.349,471.09925,1.14559195
97.5,470.46,469.937,472.655,471.366,471.1045,1.19035975
98,470.395,469.92,472.678,471.255,471.062,1.210751557
98.5,470.443,470.014,472.635,471.234,471.0815,1.152368141
99,470.378,470.128,472.637,471.213,471.089,1.131477206
99.5,470.508,470.317,472.675,471.228,471.182,1.069838929
100,470.502,470.413,472.578,471.262,471.18875,1.001464719
100.5,470.624,470.604,472.567,471.247,471.2605,0.920733222
101,470.442,470.529,472.532,471.249,471.188,0.966239101
101.5,470.491,470.718,472.466,471.207,471.2205,0.882445277
102,470.365,470.683,472.462,471.188,471.1745,0.922803879
102.5,470.331,470.609,472.389,471.134,471.11575,0.911797995
103,470.206,470.717,472.401,471.11,471.1085,0.937787645
103.5,470.137,470.802,472.373,471.106,471.1045,0.937489022
104,470.094,470.912,472.337,471.093,471.109,0.9268718
104.5,470.073,470.867,472.289,471.118,471.08675,0.916944337
105,470.06,470.826,472.257,471.126,471.06725,0.91135627
105.5,469.96,470.783,472.168,471.068,470.99475,0.912400999
106,469.847,470.902,472.137,471.003,470.97225,0.936075273
106.5,469.817,470.999,472.081,471.024,470.98025,0.925034549
107,469.791,470.996,472.127,471.339,471.06325,0.971381276
107.5,469.694,470.957,472.086,471.745,471.1205,1.062045981
108,469.513,470.834,472.011,472.204,471.1405,1.242511033
108.5,469.533,470.827,471.988,472.095,471.11075,1.198349525
109,469.53,472.448,471.903,471.999,471.47,1.31496692
109.5,469.589,472.461,471.956,472.053,471.51475,1.302346184
110,469.523,472.49,471.894,472.16,471.51675,1.351337948
110.5,469.514,472.469,471.857,472.117,471.48925,1.340501492
111,469.548,472.413,471.798,472.129,471.472,1.307055469
111.5,469.691,472.331,471.755,472.075,471.463,1.204604499
112,469.634,472.276,471.646,472.084,471.41,1.212999588
112.5,469.61,472.298,471.643,472.037,471.397,1.221377092
113,469.754,472.373,471.526,472.054,471.42675,1.168585291
113.5,469.839,472.404,471.511,472.219,471.49325,1.168052047
114,469.825,472.432,471.383,472.218,471.4645,1.182993519
114.5,469.764,472.452,471.463,472.171,471.4625,1.206369899
115,469.729,472.469,471.454,472.193,471.46125,1.231768478
115.5,469.792,472.399,471.377,472.172,471.435,1.1797285
116,469.714,472.335,471.321,472.484,471.4635,1.275668322
116.5,469.741,472.387,471.251,472.517,471.474,1.287689921
117,469.748,472.346,471.262,472.573,471.48225,1.289952551
117.5,469.753,472.258,471.234,472.645,471.4725,1.291682236
118,469.632,472.252,471.237,472.668,471.44725,1.351195859
118.5,469.636,472.161,471.367,472.646,471.4525,1.320782218
119,469.663,472.112,471.326,472.664,471.44125,1.306455606
119.5,469.584,472.031,471.311,472.714,471.41,1.345379005
120,469.662,472.203,471.255,472.726,471.4615,1.345315948
120.5,469.613,472.34,471.252,472.742,471.48675,1.398777413
121,469.475,472.408,471.134,472.741,471.4395,1.481495303
121.5,469.487,472.38,471.168,472.718,471.43825,1.461171305
122,469.522,472.432,471.203,472.743,471.475,1.461946875
122.5,469.51,472.421,471.13,472.748,471.45225,1.471238112
123,469.461,472.446,471.213,472.753,471.46825,1.494521412
123.5,469.532,472.498,471.203,472.742,471.49375,1.47191992
124,469.451,472.445,471.179,472.734,471.45225,1.495337504
124.5,469.361,472.398,471.121,472.697,471.39425,1.518051684
125,469.337,472.361,471.066,472.703,471.36675,1.52582576
125.5,469.28,472.351,471.071,472.701,471.35075,1.548110757
126,469.21,472.29,471.035,472.795,471.3325,1.596791053
126.5,469.179,472.322,470.966,472.763,471.3075,1.611916561
127,469.178,472.268,470.947,472.701,471.2735,1.583720198
127.5,469.13,472.281,471.232,472.656,471.32475,1.58242122
128,469.025,472.342,471.227,472.689,471.32075,1.652706543
128.5,469.043,472.345,471.191,472.723,471.3255,1.65532303
129,468.981,472.352,471.108,472.691,471.283,1.678794607
129.5,469.058,472.325,471.036,472.636,471.26375,1.625476827
130,469.065,472.298,471.038,472.617,471.2545,1.611012208
130.5,469.006,472.325,471.069,472.675,471.26875,1.658628022
131,468.951,472.355,471.073,472.562,471.23525,1.65913921
131.5,468.972,472.364,470.987,472.542,471.21625,1.649662263
132,468.95,472.378,470.95,472.445,471.18075,1.63923018
132.5,468.86,472.368,470.919,472.443,471.1475,1.678571714
133,468.807,472.389,470.924,472.742,471.2155,1.788215964
133.5,468.771,472.38,470.877,472.743,471.19275,1.805307799
134,468.862,472.372,470.855,472.758,471.21175,1.768772149
134.5,468.956,472.379,470.967,472.654,471.239,1.691931638
135,469.091,472.363,470.947,472.642,471.26075,1.625736833
135.5,469.118,472.342,470.967,472.625,471.263,1.602906319
136,469.11,472.379,470.91,472.645,471.261,1.624333915
136.5,469.035,472.294,470.945,472.63,471.226,1.632103142
137,469.033,472.326,470.879,472.567,471.20125,1.626395683
137.5,468.999,472.354,470.885,472.579,471.20425,1.650950307
138,468.94,472.327,470.888,472.528,471.17075,1.656827767
138.5,468.889,472.29,470.836,472.525,471.135,1.673324236
139,469.009,472.253,470.839,472.595,471.174,1.631250236
139.5,468.963,472.252,470.84,472.587,471.1605,1.649040226
140,468.965,472.255,470.836,472.557,471.15325,1.640472772
140.5,469.025,472.248,470.854,472.69,471.20425,1.650118455
141,468.983,472.276,470.958,472.649,471.2165,1.656295163
141.5,470.844,472.328,470.913,472.64,471.68125,0.936070288
142,470.816,472.43,470.885,472.641,471.693,0.977047594
142.5,470.853,472.536,470.898,472.746,471.75825,1.023075877
143,470.887,472.653,470.918,472.798,471.814,1.054248864
143.5,470.798,472.692,470.793,472.834,471.77925,1.137416774
144,470.79,472.771,470.798,472.961,471.83,1.198786331
144.5,470.827,472.777,470.82,472.918,471.8355,1.16997735
145,470.796,472.873,470.737,472.941,471.83675,1.236364664
145.5,470.812,473.012,470.598,472.973,471.84875,1.323671
146,470.851,473.04,470.589,472.9,471.845,1.30468668
146.5,470.856,473.053,470.616,472.89,471.85375,1.2960896
147,470.997,473.014,470.593,472.856,471.865,1.248157308
147.5,470.887,472.984,470.541,472.76,471.793,1.257233736
148,470.93,472.991,470.534,472.773,471.807,1.254946214
148.5,470.908,472.991,470.521,472.714,471.7835,1.249572327
149,470.843,472.98,470.514,472.689,471.7565,1.257616396
149.5,470.908,473.009,470.437,472.67,471.756,1.273351222
150,470.848,472.994,470.447,472.638,471.73175,1.270978724
150.5,470.838,473.053,470.373,472.661,471.73125,1.323404291
151,470.894,473.052,470.385,472.617,471.737,1.29642817
151.5,470.868,473.09,470.324,472.617,471.72475,1.33618097
152,470.922,473.085,470.315,472.532,471.7135,1.308081165
152.5,470.947,473.035,470.281,472.58,471.71075,1.308527512
153,470.935,473.078,470.228,472.496,471.68425,1.327091651
153.5,470.927,473.015,470.192,472.49,471.656,1.318733483
154,470.973,473.114,470.199,472.449,471.68375,1.334275178
154.5,470.961,473.096,470.179,472.456,471.673,1.338780291
155,470.956,473.139,470.098,472.527,471.68,1.399165227
155.5,471.026,473.237,470.055,472.472,471.6975,1.428125695
156,471.085,473.167,470.122,472.549,471.73075,1.382921636
156.5,471.403,473.121,470.083,472.48,471.77175,1.330406799
157,471.374,473.132,470.053,472.419,471.7445,1.338973363
157.5,471.409,473.168,470.067,472.39,471.7585,1.337759944
158,471.396,473.107,470.003,472.371,471.71925,1.341719388
158.5,471.375,473.102,470.007,472.321,471.70125,1.332055148
159,471.342,473.073,470.018,472.297,471.6825,1.316257447
159.5,471.363,472.996,469.995,472.359,471.67825,1.30800086
160,471.284,472.953,469.945,472.345,471.63175,1.31915159
160.5,471.265,473.023,469.911,472.387,471.6465,1.366332683
161,471.299,472.947,469.953,472.441,471.66,1.330476105
161.5,471.17,472.954,469.942,472.565,471.65775,1.376597829
162,471.186,472.993,469.814,472.521,471.6285,1.431390117
162.5,471.201,472.98,469.82,472.534,471.63375,1.425926687
163,471.187,473.023,469.797,472.433,471.61,1.430593816
163.5,471.215,472.945,469.782,472.353,471.57375,1.393631557
164,471.188,473.019,469.716,472.302,471.55625,1.439665326
164.5,471.223,473.082,469.71,472.34,471.58875,1.467156746
165,471.169,473.061,469.618,472.409,471.56425,1.516352504
165.5,471.131,473.309,469.66,472.282,471.5955,1.567299695
166,471.094,473.319,469.691,472.294,471.5995,1.563853467
166.5,471.077,473.277,469.67,472.314,471.5845,1.562006509
167,471.066,473.255,469.624,472.302,471.56175,1.572228646
167.5,471.052,473.165,469.646,472.32,471.54575,1.53560767
168,471.081,473.15,469.621,472.225,471.51925,1.522371478
168.5,471.09,473.115,469.577,472.266,471.512,1.534104951
169,471.229,473.106,469.568,472.227,471.5325,1.51763028
169.5,471.178,473.197,469.509,472.26,471.536,1.583244559
170,471.428,473.208,469.489,472.28,471.60125,1.584714775
170.5,471.4,473.244,469.462,472.318,471.606,1.615462782
171,471.412,473.247,469.398,472.328,471.59625,1.645872084
171.5,471.362,473.305,469.436,472.318,471.60525,1.649442204
172,471.498,473.293,469.516,472.274,471.64525,1.598519602
172.5,471.474,473.265,469.444,472.296,471.61975,1.624735132
173,471.468,473.303,469.499,472.219,471.62225,1.603435348
173.5,471.567,473.322,469.381,472.308,471.6445,1.671693453
174,471.607,473.33,469.389,472.271,471.64925,1.665533823
174.5,471.612,473.319,469.297,472.269,471.62425,1.703342082
175,471.603,473.372,469.297,472.312,471.646,1.726487957
175.5,471.528,473.356,469.297,472.279,471.615,1.717815473
176,471.501,473.291,469.321,472.282,471.59875,1.686044755
176.5,471.52,473.296,469.333,472.228,471.59425,1.674948432
177,471.433,473.216,469.258,472.23,471.53425,1.683638594
177.5,471.525,473.222,469.193,472.206,471.5365,1.710873559
178,471.526,473.246,469.152,472.124,471.512,1.727338608
178.5,471.659,473.203,469.125,472.165,471.538,1.732297511
179,472.146,473.248,469.119,472.204,471.67925,1.780362767
179.5,472.087,473.265,469.073,472.155,471.645,1.797688145
180,472.113,473.29,469.089,472.138,471.6575,1.798203641
180.5,472.047,473.429,469.042,472.161,471.66975,1.860436754
181,471.967,473.546,469.04,472.117,471.6675,1.890702603
181.5,471.96,473.75,469.072,472.082,471.716,1.942625715
182,472.017,474.071,469.012,472.078,471.7945,2.086035874
182.5,472.02,474.199,469.026,472.013,471.8145,2.124712137
183,472.033,474.317,469.024,472.023,471.84925,2.170697334
183.5,471.972,474.43,469.004,471.985,471.84775,2.220300637
184,472.039,474.442,469.046,471.959,471.8715,2.20806348
184.5,472.071,474.404,469.009,471.84,471.831,2.209200006
185,472.028,474.42,468.991,471.828,471.81675,2.22160053
185.5,472.037,474.394,468.873,471.79,471.7735,2.26197738
186,472.065,474.332,468.984,471.747,471.782,2.191849904
186.5,472.025,474.253,468.882,471.724,471.721,2.203283156
187,471.99,474.28,468.793,471.67,471.68325,2.250253819
187.5,472.074,474.289,468.808,471.767,471.7345,2.251383945
188,472.034,474.324,468.881,471.713,471.738,2.231448409
188.5,472.022,474.343,468.788,471.728,471.72025,2.278012346
189,472.021,474.305,468.814,471.717,471.71425,2.252223993
189.5,472.022,474.304,468.758,471.607,471.67275,2.27636719
190,472.014,474.308,468.685,471.639,471.6615,2.308554887
190.5,472.099,474.467,468.708,471.585,471.71475,2.365016473
191,472.059,474.5,468.686,471.552,471.69925,2.38571993
191.5,472.053,474.456,468.716,471.611,471.709,2.354569883
192,472.013,475.432,468.613,471.601,471.91475,2.791695587
192.5,471.982,475.443,468.625,471.622,471.918,2.790530774
193,472.009,475.478,468.631,471.835,471.98825,2.797224741
193.5,471.964,475.422,468.665,471.875,471.9815,2.759701735
194,471.936,475.479,468.679,471.974,472.017,2.777054675
194.5,471.935,475.504,468.723,471.963,472.03125,2.76998392
195,471.995,475.474,468.705,472.024,472.0495,2.763844002
195.5,472.003,475.411,468.654,471.918,471.9965,2.759065119
196,472.014,475.367,468.667,471.926,471.9935,2.735634052
196.5,471.942,475.327,468.639,471.952,471.965,2.730446728
197,472.045,475.318,468.633,471.93,471.9815,2.729552405
197.5,472.005,475.259,468.617,471.947,471.957,2.711777277
198,472.176,475.211,468.572,471.959,471.9795,2.713710928
198.5,472.261,475.172,468.584,472.022,472.00975,2.695605359
199,472.184,475.219,468.582,472.268,472.06325,2.716269669
199.5,472.205,475.154,468.597,472.496,472.113,2.693516289
200,472.172,475.154,468.508,472.393,472.05675,2.727204353
200.5,472.122,475.105,468.474,472.397,472.0245,2.722975884
201,472.164,475.053,468.439,472.408,472.016,2.719918259
201.5,472.14,474.971,468.43,472.431,471.993,2.694247328
202,472.19,475.006,468.408,472.442,472.0115,2.718420804
202.5,472.146,474.93,468.353,472.478,471.97675,2.716195056
203,472.155,474.881,468.387,472.444,471.96675,2.681459102
203.5,472.124,474.921,468.407,472.54,471.998,2.692511219
204,472.154,474.909,468.343,472.577,471.99575,2.719834722
204.5,472.113,474.922,468.483,472.65,472.042,2.666807455
205,472.094,474.96,468.46,472.725,472.05975,2.69650272
205.5,472.117,474.956,468.514,472.748,472.08375,2.673030038
206,472.122,474.938,468.466,472.733,472.06475,2.686782633
206.5,472.005,474.909,468.406,472.716,472.009,2.70132523
207,472.086,474.854,468.396,472.749,472.02125,2.689530489
207.5,472.019,474.951,468.324,472.77,472.016,2.75763268
208,472.111,475.041,468.326,472.781,472.06475,2.789950343
208.5,472.09,475.074,468.284,472.761,472.05225,2.818654097
209,472.107,475.055,468.286,472.763,472.05275,2.811245794
209.5,472.108,475.06,468.233,472.769,472.0425,2.837233923
210,472.012,475.17,468.238,472.768,472.047,2.874176752
210.5,472.032,475.179,468.218,472.863,472.073,2.894479919
211,472.077,475.134,468.318,472.849,472.0945,2.832554148
211.5,472.094,475.173,468.255,472.829,472.08775,2.87275888
212,472.082,475.218,468.284,472.849,472.10825,2.877778816
212.5,472.013,475.235,468.254,472.836,472.0845,2.896448688
213,472.104,475.316,468.241,472.749,472.1025,2.924364831
213.5,472.116,475.321,468.181,472.752,472.0925,2.952882039
214,472.141,475.315,468.145,472.685,472.0715,2.961919817
214.5,472.077,475.357,468.139,472.667,472.06,2.978432921
215,472.036,475.351,468.13,472.639,472.039,2.978234041
215.5,472.108,475.27,468.03,472.593,472.00025,2.989822333
216,472.103,475.278,468.077,472.569,472.00675,2.970376
216.5,472.187,475.271,468.134,472.492,472.021,2.939425454
217,472.078,475.234,468.173,472.419,471.976,2.903103282
217.5,472.06,475.287,468.096,472.424,471.96675,2.956604965
218,472.176,475.339,468.101,472.383,471.99975,2.973706259
218.5,472.249,475.333,468.148,472.355,472.02125,2.951441046
219,472.222,475.338,468.164,472.349,472.01825,2.945442397
219.5,472.361,475.277,468.134,472.323,472.02375,2.939222048
220,472.554,475.297,468.221,472.303,472.09375,2.916311526
220.5,472.558,475.249,468.238,472.316,472.09025,2.891786342
221,472.591,475.225,468.206,472.282,472.076,2.898319168
221.5,472.554,475.261,468.215,472.329,472.08975,2.906503211
222,472.512,475.246,468.243,472.297,472.0745,2.885580069
222.5,472.485,475.287,468.188,472.254,472.0535,2.922556244
223,472.474,475.249,468.221,472.185,472.03225,2.892034045
223.5,472.473,475.211,468.136,472.15,471.9925,2.914733893
224,472.443,475.196,468.216,472.119,471.9935,2.871893278
224.5,472.415,475.154,468.236,472.122,471.98175,2.846119507
225,472.423,475.216,468.271,472.039,471.98725,2.853529788
225.5,472.339,475.346,468.293,472.023,472.00025,2.889810533
226,472.373,475.342,468.283,471.915,471.97825,2.894219224
226.5,472.296,475.355,468.246,471.928,471.95625,2.911682489
227,472.238,475.281,468.268,471.861,471.912,2.871571811
227.5,472.214,475.303,468.216,471.842,471.89375,2.901382932
228,472.26,475.213,468.194,471.794,471.86525,2.877870205
228.5,472.21,475.212,468.228,471.725,471.84375,2.861642695
229,472.235,475.249,468.201,471.744,471.85725,2.888347437
229.5,472.244,475.169,468.211,471.69,471.8285,2.854065463
230,472.145,475.089,468.155,471.627,471.754,2.842770714
230.5,472.176,475.14,468.103,471.591,471.7525,2.886719072
231,472.132,475.172,468.126,471.526,471.739,2.889006519
231.5,472.132,475.156,468.107,471.535,471.7325,2.890398415
232,472.095,475.154,468.091,471.52,471.715,2.894968163
232.5,472.025,475.119,468.077,471.487,471.677,2.884704953
233,471.946,475.092,468.142,471.468,471.662,2.844503003
233.5,471.955,475.231,468.095,471.401,471.6705,2.922038729
234,471.906,475.29,468.061,471.377,471.6585,2.959183277
234.5,471.855,475.258,468.055,471.355,471.63075,2.947838573
235,471.876,475.331,468.087,471.348,471.6605,2.965724701
235.5,471.785,475.251,468.054,471.281,471.59275,2.946166591
236,471.794,475.288,468.02,471.287,471.59725,2.975080881
236.5,471.702,475.279,468.045,471.223,471.56225,2.961975622
237,471.718,475.29,468.07,471.236,471.5785,2.956437665
237.5,471.692,475.255,468.045,471.124,471.529,2.955893886
238,471.633,475.347,468.003,471.208,471.54775,3.006784038
238.5,471.664,475.277,468.061,471.191,471.54825,2.955532369
239,471.605,475.259,467.969,471.169,471.5005,2.984327227
239.5,471.521,475.219,468.111,471.104,471.48875,2.913933925
240,471.531,475.206,468.18,471.149,471.5165,2.879809542
240.5,471.473,475.201,468.119,471.145,471.4845,2.901399375
241,471.496,475.178,468.265,471.137,471.519,2.8356804
241.5,471.485,475.21,468.319,471.11,471.531,2.830273367
242,471.476,475.153,468.25,471.13,471.50225,2.831040136
242.5,471.301,475.119,468.315,471.034,471.44225,2.797904141
243,471.415,475.069,468.273,471.064,471.45525,2.789301033
243.5,471.404,475.048,468.375,471.131,471.4895,2.738543713
244,471.373,475.031,468.327,471.175,471.4765,2.74805598
244.5,471.321,475.027,468.275,471.148,471.44275,2.767862518
245,471.358,475.038,468.315,471.112,471.45575,2.758293237
245.5,471.273,475.027,468.337,471.205,471.4605,2.743271222
246,471.28,475.003,468.339,471.178,471.45,2.73282601
246.5,471.303,475.052,468.308,471.159,471.4555,2.76602826
247,471.217,475.027,468.347,471.16,471.43775,2.742342475
247.5,471.22,475.089,468.308,471.09,471.42675,2.786564357
248,471.133,475.076,468.518,471.015,471.4355,2.710065989
248.5,471.129,475.071,468.484,470.979,471.41575,2.722069479
249,470.96,475.012,468.502,470.919,471.34825,2.69933305
249.5,470.995,475.062,468.486,470.938,471.37025,2.724920106
250,471.004,475.067,468.547,470.852,471.3675,2.710436189
